{"find_related_topics": 0.00960385799407959, "get_personas": 0.007049083709716797, "knowledge_curation": 0.004395961761474609, "outline_draft": 0.0053688883781433105, "outline_refine": 0.003141343593597412, "draft_article": 0.0003215670585632324, "polish_article": 0.0009483098983764648}