{
    "decompose": 2.0631894471589476,
    "hyde": 2.4867047460284084,
    "retrieve": 0.2492609559558332,
    "doc_filter": 1.678979431046173,
    "knowledge curation": 2.8185964450240135,
    "answer_compose": 5.008806621888652
}