{
    "query": 1.1189840734004974e-06,
    "direct_hyde": 8.105202706065029,
    "retrieve": 0.23568547377362847,
    "sub_question_mapper": 1.4537364076822996,
    "doc_filter_post_process": 0.00014726212248206139,
    "knowledge_curation": 1.4548272010870278,
    "knowledge_preprocess": 4.659220576286316e-05,
    "answer_compose": 2.4638767181895673,
    "kalmv": 0.4047689586877823,
    "answer": 3.262888640165329e-06,
    "answer_verification": 2.1403655409812927e-05
}