{
    "query": 1.3033859431743622e-06,
    "direct_hyde": 3.212458251044154,
    "retrieve": 0.2152955080382526,
    "sub_question_mapper": 1.2374184937216341,
    "doc_filter_post_process": 0.00014688679948449135,
    "knowledge_curation": 2.988806053996086,
    "knowledge_preprocess": 6.298720836639404e-05,
    "answer_compose": 2.704973126295954,
    "kalmv": 0.427578782197088,
    "answer": 2.248212695121765e-06,
    "answer_verification": 2.0283274352550507e-05
}