{
    "query": 1.1217780411243439e-06,
    "direct_hyde": 4.479084195103496,
    "retrieve": 0.22439306834712625,
    "sub_question_mapper": 1.3329806011170149,
    "doc_filter_post_process": 0.00011770473793148994,
    "knowledge_curation": 2.3927983469329774,
    "knowledge_preprocess": 5.067884922027588e-05,
    "answer_compose": 2.7773940139450133,
    "kalmv": 0.6051981821656227,
    "answer": 2.495013177394867e-06
}