{
    "query": 2.54996120929718e-06,
    "retrieve": 0.48672763584181666,
    "sub_question_mapper": 2.355832656379789,
    "doc_filter_post_process": 0.00018635718151926994,
    "knowledge_curation": 2.240990187972784,
    "knowledge_preprocess": 7.866369560360909e-05,
    "answer_compose": 1.2277311352081597,
    "answer": 1.8225982785224915e-06,
    "answer_verification": 5.4852416117986046e-05,
    "direct_hyde_final_aggregator": 0.00038767699152231216,
    "SubQueryGenerator": 1.2865774752572179,
    "PassageWriter": 3.6004145331680775,
    "direct_hyde_sub_graph_start_id": 1.5972182154655457e-06,
    "direct_hyde_sub_graph_end_id": 3.604218363761902e-06,
    "Question Relevance Evaluator": 0.4020971008576453,
    "Knowledge Relevance Evaluator": 0.42280749208293855,
    "Grounding Evaluator": 0.4085656398286422,
    "condition_flow_after_Question Relevance Evaluator": 1.108366996049881e-05,
    "condition_flow_after_Knowledge Relevance Evaluator": 1.4963792636990547e-05,
    "kalmv_sub_graph_start_id": 2.7762725949287415e-06,
    "kalmv_sub_graph_end_id": 2.1331943571567535e-06
}