{"answer_compose": 0.020909709648019303, "sub_answer_generator": 0.0, "QueryDecomposerAgent": 0.1897014552489774, "PassageGeneratorAgent": 0.011033208385376803, "Question Addressing Agent": 0.011812745534651503, "Relevance Evaluation Agent": 0.020909709648019303, "Grounding Evaluation Agent": 0.0, "doc_filter_lm": 0.0}